{"cameraMode":{"drawMode":0,"name":"Shaded","section":"Shading Mode"},"sceneLighting":false,"audioPlay":false,"sceneViewState":{"showFog":true,"showMaterialUpdate":false,"showSkybox":true,"showFlares":true,"showImageEffects":true,"showParticleSystems":true},"in2DMode":false,"pivot":{"x":7.130000114440918,"y":1.6100001335144044,"z":-2.690000057220459},"rotation":{"x":0.09402216970920563,"y":-0.8527031540870667,"z":0.1647074669599533,"w":0.48675331473350527},"size":4.041658401489258,"orthographic":false}